序号,链接,节点数
0,https://clashnode.com/wp-content/uploads/2024/05/20240509.txt,0
1,https://nodefree.org/dy/2024/05/20240509.yaml,7
2,https://v2rayshare.com/wp-content/uploads/2024/05/20240509.txt,9
3,https://wefound.cc/freenode/2024/05/20240507.txt,0
4,https://fastestcloud.xyz/api/v1/client/subscribe?token=c0a4aafbde9d90c05d1aebf0b2440778,0
5,https://gitlab.com/colloq168/nodefiltrate/-/raw/main/filtrate?ref_type=heads,24
6,https://jc.openxai.link/,5
7,https://nodefree.org/dy/2024/03/20240320.txt,30
8,https://oss.v2rayse.com/proxies/data/2024-03-20/2u1ntze.txt,23
9,https://raw.githubusercontent.com/Huibq/TrojanLinks/master/links/vmess,8
10,https://raw.githubusercontent.com/aiboboxx/v2rayfree/main/v2,44
11,https://raw.githubusercontent.com/freefq/free/master/v2,15
12,https://raw.githubusercontent.com/ripaojiedian/freenode/main/clash,26
13,https://raw.githubusercontent.com/ripaojiedian/freenode/main/sub,26
14,https://v2rayshare.com/wp-content/uploads/2024/03/20240320.txt,21
15,https://vpnyyds.link/free,41
16,https://www.ckcloud.xyz/api/v1/client/subscribe?token=528fedb391871a0a9b557c5369781ba9,0
17,https://xn--30rs3bu7r87f.com/api/v1/client/subscribe?token=2b981ee5d0170cb3196bcf7017148807,0
18,dynamic://kkzui,21
19,dynamic://sharkdoor,6

总计,,127
